시군명,업체명,도로명주소,지번주소,우편번호,전화번호,관리구분명,WGS84위도,WGS84경도,,,,,,
경기 가평군,(주)에너지뱅크,경기도 가평군 청평면 경춘로 1050,경기도 가평군 청평면 하천리 278번지,12450,031-584-8646,자동차+탱크+13kg용기,37.75378984,127.4356114,,,,,,
경기 가평군,(주)오일유업 경춘LPG충전소,경기도 가평군 가평읍 경춘로 1770,경기도 가평군 가평읍 상색리 279-5번지 경춘LPG충전소,12426,031-581-4545,자동차충전,37.79724085,127.4818034,,,,,,
경기 가평군,KH에너지(주) 가평충전소(서울방향),경기도 가평군 설악면 미사리로 544,경기도 가평군 설악면 미사리 145-3번지,12462,031-584-5135,자동차충전,37.70173849,127.5434705,,,,,,
경기 가평군,KH에너지(주) 가평충전소(춘천방향),경기도 가평군 설악면 미사리로540번길 51,경기도 가평군 설악면 미사리 149-4번지 설악휴게소,12462,031-584-5189,자동차충전,37.70193552,127.5467945,,,,,,
경기 가평군,국토충전소,경기도 가평군 조종면 비득재길 120,경기도 가평군 조종면 현리 444-10번지,12438,031-585-6786,자동차충전,37.81259313,127.3414003,,,,,,
경기 가평군,디에스충전소,경기도 가평군 청평면 경춘로 30,경기도 가평군 청평면 대성리 621-4번지,12457,031-584-9200,자동차+탱크,37.67838728,127.3771787,,,,,,
경기 가평군,성원에너지(주),경기도 가평군 가평읍 경춘로 1983-11,경기도 가평군 가평읍 하색리 248-2번지,12424,031-582-9950,용기+자동차+탱크+13kg용기,37.81019419,127.4969099,,,,,,
경기 가평군,행복충전소,경기도 가평군 청평면 경춘로 524,경기도 가평군 청평면 대성리 56-1번지,12457,031-585-2813,자동차충전,37.7180558,127.4017728,,,,,,
경기 가평군,화랑포충전소,경기도 가평군 청평면 경춘로 121,경기도 가평군 청평면 대성리 399-159번지 화랑포LPG충전소,12457,031-585-8158,자동차충전,37.68689393,127.3794252,,,,,,37.67371
경기 고양시 덕양구,(주)삼전,경기도 고양시 덕양구 호국로 1634,경기도 고양시 덕양구 벽제동 229번지,10269,031-969-8558,자동차충전,37.69726922,126.902875,,,,,,
경기 고양시 덕양구,(주)상암에너지,경기도 고양시 덕양구 자유로 40,경기도 고양시 덕양구 덕은동 425-97번지,10543,031-3158-0066,자동차충전,37.57928196,126.8593668,,,,,,
경기 고양시 덕양구,(주)서강이엔한강LPG충전소,경기도 고양시 덕양구 자유로 88,경기도 고양시 덕양구 덕은동 557-7번지,10542,031-3159-7119,자동차충전,37.58190636,126.8546781,,,,,,
경기 고양시 덕양구,(주)와이이에스 자유제일충전소,경기도 고양시 덕양구 자유로 489,경기도 고양시 덕양구 행주외동 27번지,10440,031-938-1292,자동차충전,37.6040296,126.8217122,,,,,,
경기 고양시 덕양구,그린필드충전소,경기도 고양시 덕양구 호국로 1945,경기도 고양시 덕양구 벽제동 159-1번지,10268,031-969-9604,자동차충전,37.71788511,126.9196498,,,,,,
경기 고양시 덕양구,뉴타운충전소,경기도 고양시 덕양구 북한산로 633,경기도 고양시 덕양구 지축동 81-12번지,10580,031-384-1216,자동차충전,37.68045173,126.9591803,,,,,,
경기 고양시 덕양구,동아엘피지충전소,경기도 고양시 덕양구 호국로 1631,경기도 고양시 덕양구 대자동 37번지,10283,031-969-8227,자동차충전,37.69613622,126.9016251,,,,,,
경기 고양시 덕양구,복지용두충전소,경기도 고양시 덕양구 서오릉로 569,경기도 고양시 덕양구 용두동 568-8번지 sk가스,10547,031-358-8440,자동차충전,37.63167648,126.8778665,,,,,,
경기 고양시 덕양구,서오릉가스충전소,경기도 고양시 덕양구 권율대로 450-1,경기도 고양시 덕양구 도내동 994번지 1동,10551,031-968-8661,자동차충전,37.63227771,126.8655194,,,,,,
경기 고양시 덕양구,썬엘피지충전소,경기도 고양시 덕양구 중앙로 279,경기도 고양시 덕양구 화전동 757-6번지,10537,031-3159-8118,자동차충전,37.60927772,126.8608884,,,,,,
경기 고양시 덕양구,원당LPG충전소,경기도 고양시 덕양구 호국로 989,경기도 고양시 덕양구 원당동 234-1번지 원당LPG충전소,10292,031-968-0343,자동차충전,37.67063545,126.8501006,,,,,,
경기 고양시 덕양구,원당오렌지충전소,경기도 고양시 덕양구 호국로 992,경기도 고양시 덕양구 원당동 233번지,10292,031-9670-559,자동차충전,37.67066705,126.8509281,,,,,,
경기 고양시 덕양구,통일로충전소,경기도 고양시 덕양구 통일로 1190,경기도 고양시 덕양구 내유동 482-10번지,10264,031-968-1213,자동차충전,37.72025446,126.8486915,,,,,,
경기 고양시 덕양구,화전엘피지충전소,경기도 고양시 덕양구 중앙로 246,경기도 고양시 덕양구 화전동 732번지,10537,031-3158-0083,자동차충전,37.60806258,126.8645356,,,,,,
경기 고양시 일산동구,(주)원일에너지,경기도 고양시 일산동구 문원길 37,경기도 고양시 일산동구 문봉동 195-4번지,10257,031-977-0270,용기+자동차+탱크+13kg용기,37.71015901,126.8198384,,,,,,
경기 고양시 일산동구,더불어가스충전소,경기도 고양시 일산동구 고봉로 672,경기도 고양시 일산동구 성석동 1082-24번지 성석동더불어가스충전소,10251,031-975-8513,자동차충전,37.71674778,126.7893024,,,,,,
경기 고양시 일산동구,문봉충전소,경기도 고양시 일산동구 성현로 368,경기도 고양시 일산동구 문봉동 154-1번지,10313,031-977-8811,자동차충전,37.70174809,126.8242599,,,,,,
경기 고양시 일산동구,신우에너지(주),경기도 고양시 일산동구 고봉로 470,경기도 고양시 일산동구 성석동 1305-5번지,10328,031-964-1984,자동차충전,37.70042371,126.7816651,,,,,,
경기 고양시 일산동구,신우에너지(주) 신도시충전소,경기도 고양시 일산동구 경의로 234,경기도 고양시 일산동구 백석동 1184번지,10442,031-904-9022,자동차충전,37.65143531,126.7978719,,,,,,
경기 고양시 일산동구,신우에너지(주)풍동충전소,경기도 고양시 일산동구 고양대로 1026,경기도 고양시 일산동구 식사동 861-1번지,10304,031-966-0384,자동차충전,37.67251497,126.8066202,,,,,,
경기 고양시 일산동구,일산오렌지충전소,경기도 고양시 일산동구 백마로 42,경기도 고양시 일산동구 장항동 541-3번지,10428,031-903-3586,자동차충전,37.64308935,126.7610327,,,,,,
경기 고양시 일산동구,일산제일충전소,경기도 고양시 일산동구 고봉로 479,경기도 고양시 일산동구 성석동 1305-4번지,10246,031-976-6096,자동차충전,37.70120159,126.7806367,,,,,,
경기 고양시 일산동구,제이원네트웍스(주),경기도 고양시 일산동구 무궁화로 362,경기도 고양시 일산동구 식사동 832-20번지,10327,031-967-2800,자동차충전,37.67734212,126.7998505,,,,,,
경기 고양시 일산서구,(주)케이엘페트로 고양덕이동지점,경기도 고양시 일산서구 덕이로 300,경기도 고양시 일산서구 덕이동 1184-6번지,10227,031-928-4776,자동차충전,37.70243175,126.7327194,,,,,,
경기 고양시 일산서구,(주)휴세코(희망충전소),경기도 고양시 일산서구 경의로 910,경기도 고양시 일산서구 덕이동 304-4번지,10232,031-925-5199,자동차충전,37.69846684,126.7596439,,,,,,
경기 고양시 일산서구,신우에너지(주)신일산가스충전소,경기도 고양시 일산서구 경의로 789,경기도 고양시 일산서구 대화동 59-6번지,10225,031-914-1355,자동차충전,37.68794886,126.7582741,,,,,,
경기 고양시 일산서구,이산포충전소,경기도 고양시 일산서구 법곳길 127,경기도 고양시 일산서구 법곳동 237-1번지,10203,031-923-8100,자동차충전,37.66231979,126.7239488,,,,,,
경기 고양시 일산서구,자유로엘피지충전소,경기도 고양시 일산서구 이산포길 262,경기도 고양시 일산서구 법곳동 1240-1번지,10203,031-923-5181,자동차충전,37.66791797,126.7011452,,,,,,
경기 과천시,(주)과천엘피지충전소,경기도 과천시 중앙로 526,경기도 과천시 과천동 30번지 과천엘피지충전소,13821,031-3418-7100,자동차충전,37.45570603,127.0098965,,,,,,
경기 과천시,(주)케이씨에너지,경기도 과천시 과천대로 20,경기도 과천시 갈현동 302-1번지,13824,031-5074-022,자동차충전,37.40436757,126.9790911,,,,,,
경기 광명시,가학충전소,경기도 광명시 광명로 159,경기도 광명시 가학동 563번지 가학충전소,14338,031-2615-6697,자동차충전,37.41543271,126.8492045,,,,,,
경기 광명시,극동실업(주),경기도 광명시 범안로 903,경기도 광명시 하안동 501-6번지 극동실업가스충전소,14260,031-898-1212,용기+자동차+13kg용기,37.45434732,126.8663133,,,,,,
경기 광명시,극동유화(주) 광명충전소,경기도 광명시 광명로 675,경기도 광명시 광명동 621-7번지,14300,031-2613-4904,자동차충전,37.46072935,126.8448998,,,,,,
경기 광명시,헵시바(주) 헵시바충전소,경기도 광명시 오리로 1044,경기도 광명시 광명동 162-2번지 외4필지,14203,031-2615-5151,자동차충전,37.48170982,126.8476009,,,,,,
경기 광주시,(주)대지석유갈마엘피지충전소,경기도 광주시 경충대로 2187,경기도 광주시 삼동 265-1번지,12767,031-761-5330,자동차충전,37.41104238,127.2015423,,,,,,
경기 광주시,(주)서경에너지,경기도 광주시 회안대로 881,경기도 광주시 송정동 324-1번지,12746,031-766-2300,용기+자동차+탱크+13kg용기,37.42586541,127.2543781,,,,,,
경기 광주시,(주)수도에너지신사엘피지충전소,경기도 광주시 곤지암읍 경충대로 432,경기도 광주시 곤지암읍 곤지암리 59번지,12812,031-797-0281,자동차충전,37.34264972,127.3576643,,,,,,
경기 광주시,(주)풀무원푸드앤컬처광주휴게소(서울방향)충전소,경기도 광주시 곤지암읍 만삼로 211,경기도 광주시 곤지암읍 유사리 산30-2번지,12726,031-8027-3948,자동차충전,37.38041446,127.4244783,,,,,,
경기 광주시,(주)풀무원푸드앤컬처광주휴게소(원주방향)충전소,경기도 광주시 곤지암읍 만삼로 270,경기도 광주시 곤지암읍 삼합리 산27-2번지,12727,031-8027-3943,자동차충전,37.37851042,127.4361821,,,,,,
경기 광주시,광주가스(주),경기도 광주시 회안대로 946,경기도 광주시 송정동 428-2번지,12739,031-765-3477,자동차충전,37.43079728,127.2594145,,,,,,
경기 광주시,대성산업(주)곤지암충전소,경기도 광주시 곤지암읍 평촌길11번길 72,경기도 광주시 곤지암읍 삼리 612-8번지,12800,031-763-6107,용기+자동차+13kg용기,37.35370375,127.3337215,,,,,,
경기 광주시,새광주충전소,경기도 광주시 경충대로 1523,경기도 광주시 쌍령동 113-1번지,12791,031-764-1052,자동차충전,37.40429638,127.2682334,,,,,,
경기 광주시,새한가스,경기도 광주시 경충대로 1736,경기도 광주시 역동 112-3번지,12764,031-762-5511,자동차충전,37.40162802,127.2461528,,,,,,
경기 광주시,"오포주유소,충전소",경기도 광주시 오포읍 포은대로 317,경기도 광주시 오포읍 추자리 306-1번지,12790,031-766-0005,자동차충전,37.35871443,127.2264908,,,,,,
경기 광주시,인성에너지,경기도 광주시 오포읍 오포로 172-2,경기도 광주시 오포읍 능평리 86-1번지,12773,031-761-5406,자동차충전,37.34670849,127.1833373,,,,,,
경기 광주시,주식회사 제일트랜스포트,경기도 광주시 회안대로 1003,경기도 광주시 송정동 461-1번지,12738,031-761-2713,자동차충전,37.43487707,127.2621708,,,,,,
경기 광주시,태원충전소,경기도 광주시 곤지암읍 경충대로 290,경기도 광주시 곤지암읍 수양리 446-1번지,12813,031-766-5180,자동차충전,37.33630808,127.3707197,,,,,,
경기 광주시,한원케미칼(주)퇴촌충전소,경기도 광주시 퇴촌면 정영로 414,경기도 광주시 퇴촌면 도수리 179-2번지,12711,031-766-6766,자동차충전,37.47093853,127.3347288,,,,,,
경기 구리시,(주)성림에너지 사노충전소,경기도 구리시 금강로 331-15,경기도 구리시 사노동 29번지,11906,031-575-3365,자동차충전,37.63984877,127.147878,,,,,,
경기 구리시,(주)아천에너지 아천LPG충전소,경기도 구리시 아차산로 196,경기도 구리시 아천동 97-3번지,11962,031-569-5151,자동차충전,37.57424334,127.1227633,,,,,,
경기 구리시,(주)케이피앤지 토평고려LPG충전소,경기도 구리시 벌말로 8,경기도 구리시 토평동 465-92번지,11960,031-567-2121,자동차충전,37.577534,127.1462917,,,,,,
경기 구리시,구리LPG충전소,경기도 구리시 경춘북로 348,경기도 구리시 갈매동 505번지,11901,031-5520-242,용기+자동차+탱크+13kg용기,37.63998548,127.1249701,,,,,,
경기 구리시,대성산업(주)경춘충전소,경기도 구리시 경춘로 217,경기도 구리시 인창동 280-3번지,11926,031-563-4973,자동차충전,37.60070483,127.1393962,,,,,,
경기 구리시,복지구리충전소,경기도 구리시 동구릉로 188,경기도 구리시 인창동 74번지,11909,031-557-9300,자동차충전,37.61579913,127.1383375,,,,,,
경기 군포시,(주)대야엘피지충전소,경기도 군포시 군포로 148,경기도 군포시 대야미동 266-12번지,15883,031-437-7755,자동차충전,37.32809317,126.9209456,,,,,,
경기 군포시,(주)대양충전소,경기도 군포시 엘에스로 156,경기도 군포시 금정동 1-49번지 대양충전소,15807,031-427-0033,자동차충전,37.37480404,126.945717,,,,,,
경기 군포시,군포충전소,경기도 군포시 번영로 204,경기도 군포시 부곡동 1180번지,15874,031-4625-500,자동차충전,37.33391845,126.9269854,,,,,,
경기 김포시,(주)이마트24서비스 김포본점(LPG충전소),경기도 김포시 양촌읍 김포대로 1575,경기도 김포시 양촌읍 누산리 295-3번지,10054,031-4910-7354,자동차충전,37.66209826,126.6625685,,,,,,
경기 김포시,(주)청양엘피지김포지점(알찬충전소),경기도 김포시 고촌읍 김포대로451번길 10,경기도 김포시 고촌읍 태리 1-15번지,10128,031-987-4848,자동차충전,37.60435029,126.7581646,,,,,,
경기 김포시,KH에너지(주) 직영 김포충전소,경기도 김포시 대곶면 대곶북로 141,경기도 김포시 대곶면 초원지리 609-2번지,10039,031-988-4971,용기+자동차+탱크+13kg용기,37.66066381,126.5859092,,,,,,
경기 김포시,강변가스충전소,경기도 김포시 월곶면 김포대로 3009,경기도 김포시 월곶면 포내리 26-2번지,10020,031-997-6616,자동차충전,37.72824942,126.5324029,,,,,,
경기 김포시,고촌LPG충전소,경기도 김포시 고촌읍 태장로 70,경기도 김포시 고촌읍 풍곡리 501-1번지,10121,031-996-6067,자동차충전,37.61433038,126.7415229,,,,,,
경기 김포시,극동에너비스(주)신도시충전소,경기도 김포시 김포한강3로 390,경기도 김포시 마산동 622-3번지,10066,031-982-1008,자동차충전,37.64193299,126.6486073,,,,,,
경기 김포시,금파충전소,경기도 김포시 금파로 20,경기도 김포시 걸포동 390-2번지,10096,031-9857-989,자동차충전,37.62979623,126.7124896,,,,,,
경기 김포시,다원에프엔씨(주)통진충전소,경기도 김포시 통진읍 김포대로 2055,경기도 김포시 통진읍 도사리 680-8번지,10035,031-998-5994,자동차충전,37.68378377,126.6156338,,,,,,
경기 김포시,대현이엔씨,경기도 김포시 금파로 12,경기도 김포시 걸포동 389-28번지,10096,031-996-6671,자동차충전,37.63067591,126.7119477,,,,,,
경기 김포시,서일산업(주)김포가스,경기도 김포시 김포대로 1454,경기도 김포시 운양동 1026번지 (1026-6번지외2필지),10072,031-982-4108,자동차충전,37.65413443,126.6707636,,,,,,
경기 김포시,올림픽충전소,경기도 김포시 고촌읍 개화동로 236,경기도 김포시 고촌읍 전호리 336-4번지,10136,031-4911-8978,자동차충전,37.58952972,126.8005381,,,,,,
경기 김포시,주식회사 국도에너지,경기도 김포시 고촌읍 김포대로 70,경기도 김포시 고촌읍 전호리 433-2번지 가동,10136,031-985-4455,자동차충전,37.5863874,126.7950402,,,,,,
경기 김포시,초지대교충전소,경기도 김포시 대곶면 대명항로 532,경기도 김포시 대곶면 대명리 390-8번지,10040,031-997-6948,자동차충전,37.64611603,126.5628616,,,,,,
경기 김포시,해뜨는충전소,경기도 김포시 양촌읍 봉수대로 1821,경기도 김포시 양촌읍 구래리 750-28번지,10069,031-996-2750,자동차충전,37.63062133,126.6285717,,,,,,
경기 남양주시,(주)남양주에너지,경기도 남양주시 경춘로 833,경기도 남양주시 일패동 10-3번지,12242,031-595-9370,자동차충전,37.63129976,127.1948836,,,,,,
경기 남양주시,(주)성림에너지 별내충전소,경기도 남양주시 덕릉로 1137,경기도 남양주시 별내동 2233-10번지,12091,031-575-7477,자동차충전,37.68156715,127.1092351,,,,,,
경기 남양주시,(주)아이피 호평충전소,경기도 남양주시 경춘로 1510,경기도 남양주시 호평동 23-63번지,12155,031-559-5720,자동차충전,37.65486619,127.2595663,,,,,,
경기 남양주시,(주)케이엘페트로 남양주별내충전소,경기도 남양주시 별내면 구리포천고속도로 14,경기도 남양주시 별내면 광전리 산114-15번지,12090,031-468-5189,자동차충전,37.69127147,127.1306668,,,,,,
경기 남양주시,(주)태진에너지 내각충전소,경기도 남양주시 진접읍 금강로유연들1길 52,경기도 남양주시 진접읍 내각리 68번지,12073,031-528-4006,자동차충전,37.70636065,127.1737472,,,,,,
경기 남양주시,(주)휴브,경기도 남양주시 고산로 150,경기도 남양주시 삼패동 607-6번지,12245,031-577-5251,자동차충전,37.59418717,127.1830392,,,,,,
경기 남양주시,SK대성충전소,경기도 남양주시 진건읍 금강로 586,경기도 남양주시 진건읍 진관리 520번지,12139,031-529-2903,자동차충전,37.65627042,127.1599085,,,,,,
경기 남양주시,광릉충전소,경기도 남양주시 진접읍 금강로 1937,경기도 남양주시 진접읍 팔야리 582-1번지,12018,031-528-3651,자동차충전,37.75369072,127.2160526,,,,,,
경기 남양주시,광전충전소,경기도 남양주시 별내면 송산로 638,경기도 남양주시 별내면 광전리 216번지,12090,031-5293-161,자동차충전,37.6967229,127.1272821,,,,,,
경기 남양주시,남양주고려LPG충전소,경기도 남양주시 오남읍 양지로 356,경기도 남양주시 오남읍 양지리 724-1번지,12036,031-528-2351,자동차충전,37.70603365,127.1895064,,,,,,
경기 남양주시,덕소마석간충전소,경기도 남양주시 와부읍 수레로 400,경기도 남양주시 와부읍 월문리 402-2번지,12203,031-577-7502,자동차충전,37.60318276,127.2507262,,,,,,
경기 남양주시,덕소충전소,경기도 남양주시 경강로 228,경기도 남양주시 이패동 413-10번지,12245,031-557-8363,자동차충전,37.60430945,127.1933285,,,,,,
경기 남양주시,송능충전소,경기도 남양주시 진건읍 진건오남로 405-12,경기도 남양주시 진건읍 송능리 157-5번지,12129,031-528-5741,자동차충전,37.67370876,127.2023077,,,,,,
경기 남양주시,연평충전소,경기도 남양주시 진접읍 양진로 886,경기도 남양주시 진접읍 연평리 219-28번지,12073,031-575-6800,자동차충전,37.698549,127.1780807,,,,,,
경기 남양주시,퇴계원IC충전소,경기도 남양주시 퇴계원읍 경춘북로 477,경기도 남양주시 퇴계원읍 퇴계원리 343-1번지,12121,031-528-6780,자동차충전,37.64556737,127.1373317,,,,,,
경기 남양주시,팔당LPG충전소,경기도 남양주시 와부읍 경강로 957,경기도 남양주시 와부읍 팔당리 564-1번지,12277,031-521-8851,자동차충전,37.55280748,127.2388254,,,,,,
경기 남양주시,화도에너지,경기도 남양주시 화도읍 경춘로 2205,경기도 남양주시 화도읍 월산리 358번지 화도에너지,12189,031-593-1164,자동차충전,37.65502802,127.3322697,,,,,,
경기 동두천시,동두천엘피지,경기도 동두천시 강변로 36,경기도 동두천시 송내동 473-4번지,11355,031-861-4114,자동차충전,37.87553947,127.055726,,,,,,
경기 동두천시,제일LPG충전소,경기도 동두천시 평화로 3130,경기도 동두천시 하봉암동 70번지,11306,031-868-5180,자동차충전,37.96535101,127.0671277,,,,,,
경기 동두천시,주식회사 신진엘피지충전소,경기도 동두천시 삼육사로 706,경기도 동두천시 상패동 400-3번지,11340,031-867-5201,자동차충전,37.90835223,127.0315603,,,,,,
경기 동두천시,중앙LPG충전소,경기도 동두천시 강변로 814,경기도 동두천시 동두천동 420-2번지,11302,031-864-8070,자동차충전,37.9384448,127.0519677,,,,,,
경기 동두천시,창림에너지(주),경기도 동두천시 평화로 2884-2,경기도 동두천시 상봉암동 154-1번지,11307,031-866-8111,용기+자동차+탱크+13kg용기,37.94412933,127.0608332,,,,,,
경기 동두천시,창림에너지(주) 동두천충전소,경기도 동두천시 평화로 2244,경기도 동두천시 지행동 406-1번지,11361,031-862-8111,자동차충전,37.88793714,127.0569935,,,,,,
경기 부천시,부천아이씨충전소 위드엘피지(주)지점,경기도 부천시 신흥로441번길 8,경기도 부천시 삼정동 97-3번지,14451,031-682-0880,자동차충전,37.52326601,126.7755926,,,,,,
경기 부천시,옥길충전소,경기도 부천시 옥길로 143,경기도 부천시 옥길동 790번지,14784,031-342-9660,자동차충전,37.46947757,126.8234048,,,,,,
경기 부천시 오정구,(주)한유에너지 공항가스,경기도 부천시 역곡로 558,경기도 부천시 고강동 218-6번지,14404,031-6795-189,자동차충전,37.53443469,126.8165932,,,,,,
경기 부천시 오정구,극동유화(주),경기도 부천시 대장로 17,경기도 부천시 고강동 100-1번지,14401,031-684-9915,용기+탱크+13kg용기,37.54007579,126.7994496,,,,,,
경기 부천시 오정구,동일석유(주)부천충전소,경기도 부천시 석천로 445,경기도 부천시 삼정동 67-7번지,14445,031-673-6719,용기+자동차+탱크+13kg용기,37.52619361,126.769453,,,,,,
경기 부천시 오정구,로안충전소,경기도 부천시 벌말로 157,경기도 부천시 대장동 667-3번지 로안충전소,14400,031-681-2222,자동차충전,37.5454525,126.7646465,,,,,,
경기 부천시 오정구,비케이프라임실업(주),경기도 부천시 봉오대로 472,경기도 부천시 고강동 37번지,14403,031-671-5188,자동차충전,37.53615278,126.8128876,,,,,,
경기 부천시 오정구,중동충전소,경기도 부천시 벌말로 62,경기도 부천시 대장동 685-12번지,14400,031-671-1252,자동차충전,37.53724809,126.7628481,,,,,,
경기 부천시 원미구,부천LPG충전소,경기도 부천시 길주로 429,경기도 부천시 춘의동 75-9번지,14488,031-678-9436,자동차충전,37.50479467,126.7899815,,,,,,
경기 부천시 원미구,서해가스충전소,경기도 부천시 송내대로 377,경기도 부천시 상동 499-17번지,14502,031-326-9955,자동차충전,37.51687259,126.7605818,,,,,,
경기 부천시 원미구,원미가스충전소,경기도 부천시 길주로 610,"경기도 부천시 춘의동 421번지 (춘의동 420,421,422번지)",14655,031-671-7667,자동차충전,37.50584857,126.8096355,,,,,,
경기 성남시 분당구,(주)소모홀딩스엔테크놀러지 분당충전소,경기도 성남시 분당구 탄천상로 116,경기도 성남시 분당구 구미동 194번지,13637,031-716-8120,자동차충전,37.34173582,127.1117254,,,,,,
경기 성남시 분당구,(주)제이제이네트웍스궁내동가스충전소,경기도 성남시 분당구 대왕판교로 272,경기도 성남시 분당구 궁내동 204-6번지,13550,031-716-1622,자동차충전,37.36797958,127.1022278,,,,,,
경기 성남시 분당구,(주)허스코분당지에스충전소,경기도 성남시 분당구 대왕판교로 359,경기도 성남시 분당구 궁내동 302-8번지,13550,031-719-4144,자동차충전,37.3756384,127.1013628,,,,,,
경기 성남시 분당구,길사랑장학사업단(주)서울하이패스충전소,경기도 성남시 분당구 대왕판교로 294,경기도 성남시 분당구 궁내동 257-2번지,13550,031-714-7255,자동차충전,37.36985476,127.1023195,,,,,,
경기 성남시 분당구,에스케이오케이충전소,경기도 성남시 분당구 대왕판교로 131,경기도 성남시 분당구 금곡동 344번지,13552,031-726-0792,자동차충전,37.35514945,127.1012002,,,,,,
경기 성남시 수정구,대기가스(주),경기도 성남시 수정구 산성대로 217,경기도 성남시 수정구 신흥동 6912번지,13345,031-757-0757,자동차충전,37.43859396,127.1418824,,,,,,
경기 성남시 수정구,수정가스충전소,경기도 성남시 수정구 성남대로 1543,경기도 성남시 수정구 복정동 261-12번지,13107,031-759-4551,자동차충전,37.46786576,127.1258317,,,,,,
경기 성남시 수정구,에스케이판교충전소,경기도 성남시 수정구 대왕판교로 860,경기도 성남시 수정구 시흥동 242-15번지,13448,031-722-6252,자동차충전,37.41720406,127.1023066,,,,,,
경기 성남시 수정구,위례에너지,경기도 성남시 수정구 헌릉로 970,경기도 성남시 수정구 복정동 55-6번지,13114,031-752-7700,자동차충전,37.46324011,127.1398086,,,,,,
경기 성남시 수정구,이원엘피지성남충전소,경기도 성남시 수정구 성남대로 1327,경기도 성남시 수정구 태평동 7149번지,13108,031-754-0683,자동차충전,37.44895235,127.1249762,,,,,,
경기 성남시 수정구,한일가스산업(주),경기도 성남시 수정구 성남대로 1203,경기도 성남시 수정구 수진동 4593번지,13313,031-752-2776,자동차충전,37.43721626,127.1277477,,,,,,
경기 성남시 중원구,(주)다산에너지,경기도 성남시 중원구 경충대로 2558,경기도 성남시 중원구 갈현동 351번지,13413,031-757-1321,자동차충전,37.42255849,127.1665175,,,,,,
경기 성남시 중원구,(주)성남에너지,경기도 성남시 중원구 경충대로 2653,경기도 성남시 중원구 갈현동 542-1번지,13417,031-755-7600,자동차충전,37.42186919,127.1556032,,,,,,
경기 성남시 중원구,대성산업(주)성남충전소,경기도 성남시 중원구 둔촌대로 347,경기도 성남시 중원구 하대원동 216-15번지,13391,031-751-6525,자동차충전,37.43155173,127.1562144,,,,,,
경기 수원시 권선구,(주)권선에너지,경기도 수원시 권선구 수인로 402,경기도 수원시 권선구 입북동 440-1번지,16370,031-298-2637,자동차충전,37.29070399,126.9630544,,,,,,
경기 수원시 권선구,(주)뉴라이저,경기도 수원시 권선구 권선로 254,경기도 수원시 권선구 고색동 888-8번지,16623,031-297-8788,자동차충전,37.25711356,126.9801971,,,,,,
경기 수원시 권선구,극동산업(주)광명충전소,경기도 수원시 권선구 매송고색로 487,경기도 수원시 권선구 오목천동 356-8번지,16631,031-2934-466,자동차충전,37.24395585,126.958662,,,,,,
경기 수원시 권선구,극동산업(주)병점엘피지충전소,경기도 수원시 권선구 정조로 215,경기도 수원시 권선구 대황교동 100-5번지,16661,031-239-6859,자동차충전,37.22961605,127.0218136,,,,,,
경기 수원시 권선구,남선엘피지충전소,경기도 수원시 권선구 권선로 332,경기도 수원시 권선구 고색동 14-34번지,16602,031-2785-184,자동차충전,37.25863978,126.9891406,,,,,,
경기 수원시 권선구,대성산업(주) 수원충전소,경기도 수원시 권선구 권선로 337,경기도 수원시 권선구 서둔동 79-30번지,16613,031-278-0217,자동차충전,37.25995505,126.9889626,,,,,,
경기 수원시 권선구,대황교엘피지충전소,경기도 수원시 권선구 정조로 235,경기도 수원시 권선구 대황교동 33-5번지,16661,031-226-5188,자동차충전,37.23126174,127.0208563,,,,,,
경기 수원시 권선구,비행장충전소,경기도 수원시 권선구 정조로 287,경기도 수원시 권선구 대황교동 259-6번지 비행장충전소,16661,031-222-2544,자동차충전,37.23567826,127.018551,,,,,,
경기 수원시 권선구,세광가스(주) 행복충전소,경기도 수원시 권선구 수인로 377,경기도 수원시 권선구 구운동 680-1번지,16404,031-296-5151,자동차충전,37.28800589,126.9643935,,,,,,
경기 수원시 권선구,세류역엘피지충전소,경기도 수원시 권선구 정조로 316,경기도 수원시 권선구 권선동 897-3번지,16666,031-237-7782,자동차충전,37.23827147,127.0178581,,,,,,
경기 수원시 권선구,수원경수엘피지충전소,경기도 수원시 권선구 정조로 296,경기도 수원시 권선구 대황교동 251번지,16661,031-235-5885,자동차충전,37.23638201,127.0188393,,,,,,
경기 수원시 권선구,수원태평양충전소,경기도 수원시 권선구 수인로 34,경기도 수원시 권선구 서둔동 9-17번지,16431,031-278-7878,자동차충전,37.27104949,126.9948655,,,,,,
경기 수원시 권선구,수일가스충전소,경기도 수원시 권선구 평동로 31,경기도 수원시 권선구 고색동 173-2번지,16602,031-291-8376,자동차충전,37.25501978,126.989977,,,,,,
경기 수원시 권선구,신일엘피지충전소,경기도 수원시 권선구 서부로 1766,경기도 수원시 권선구 탑동 452-1번지,16611,031-228-2114,자동차충전,37.26657041,126.9723275,,,,,,
경기 수원시 권선구,우성엘피지충전소,경기도 수원시 권선구 서호동로 65,경기도 수원시 권선구 서둔동 9-28번지,16620,031-295-0076,자동차충전,37.26985293,126.9954036,,,,,,
경기 수원시 권선구,창진가스에너지(주),경기도 수원시 권선구 서수원로 21,경기도 수원시 권선구 오목천동 740-1번지,16640,031-291-4433,자동차충전,37.23326621,126.9810147,,,,,,
경기 수원시 권선구,탑동충전소,경기도 수원시 권선구 서부로 1782,경기도 수원시 권선구 탑동 428-2번지,16611,031-296-5145,자동차충전,37.26776792,126.9720259,,,,,,
경기 수원시 권선구,평동엘피지충전소,경기도 수원시 권선구 매송고색로 864,경기도 수원시 권선구 평동 56-1번지,16645,031-293-5111,자동차충전,37.25767459,126.9974019,,,,,,
경기 수원시 권선구,황계충전소,경기도 수원시 권선구 경수대로 14,경기도 수원시 권선구 대황교동 59-4번지,16661,031-222-0059,자동차충전,37.22936369,127.0240585,,,,,,
경기 수원시 영통구,(주)해월에너지수원충전소,경기도 수원시 영통구 삼성로 319,경기도 수원시 영통구 원천동 294-1번지,16520,031-211-3121,자동차충전,37.26791429,127.0681746,,,,,,
경기 수원시 영통구,(주)희망가스충전소,경기도 수원시 영통구 창룡대로 230,경기도 수원시 영통구 이의동 1175-85번지,16230,031-251-0707,자동차충전,37.29345134,127.0350164,,,,,,
경기 수원시 영통구,광교신도시충전소,경기도 수원시 영통구 광교호수로 101,경기도 수원시 영통구 하동 1033번지 광교신도시충전소,16514,031-216-7149,자동차충전,37.27770734,127.0667763,,,,,,
경기 수원시 영통구,동수원톨게이트충전소,경기도 수원시 영통구 창룡대로 369,경기도 수원시 영통구 이의동 432-1번지 동수원톨게이트충전소,16226,031-257-7332,자동차충전,37.2957476,127.0483949,,,,,,
경기 수원시 장안구,(주)북문가스,경기도 수원시 장안구 팔달로247번길 1,경기도 수원시 장안구 영화동 365-1번지 LPG충전소,16270,031-256-5683,자동차충전,37.28809373,127.011798,,,,,,
경기 수원시 장안구,그린에너지,경기도 수원시 장안구 경수대로 1196,경기도 수원시 장안구 파장동 130번지,16207,031-253-7715,자동차충전,37.3175346,126.9886859,,,,,,
경기 수원시 장안구,북수원톨게이트충전소,경기도 수원시 장안구 경수대로 1184,경기도 수원시 장안구 파장동 127-1번지 주유소,16207,031-251-2367,자동차충전,37.31648932,126.9887607,,,,,,
경기 수원시 장안구,수안엘피지충전소,경기도 수원시 장안구 경수대로 1246,경기도 수원시 장안구 파장동 43-1번지 수안LPG충전소,16201,031-241-5337,자동차충전,37.32220178,126.9882254,,,,,,
경기 수원시 장안구,에스케이수원충전소,경기도 수원시 장안구 경수대로976번길 13,경기도 수원시 장안구 송죽동 202-1번지 SK충전소,16298,031-243-2690,자동차충전,37.30536015,127.004284,,,,,,
경기 수원시 팔달구,극동산업(주),경기도 수원시 팔달구 매산로 40,경기도 수원시 팔달구 매산로2가 62-10번지,16460,031-2545-612,자동차+13kg용기,37.2680228,127.0060177,,,,,,
경기 시흥시,(주)세지에너지,경기도 시흥시 서해안로 120,경기도 시흥시 정왕동 1236-11번지,15094,031-365-5090,자동차충전,37.34226395,126.6999904,,,,,,
경기 시흥시,(주)시흥에너지,경기도 시흥시 서해안로 768,경기도 시흥시 월곶동 765번지,15005,031-432-1521,자동차충전,37.38613437,126.7453979,,,,,,
경기 시흥시,금이LPG충전소,경기도 시흥시 수인로 2681,경기도 시흥시 금이동 81-2번지,14981,031-316-3555,자동차충전,37.40465786,126.8356034,,,,,,
경기 시흥시,목감광명방향충전소,경기도 시흥시 동서로1176번길 55,경기도 시흥시 목감동 112-2번지 ((목감 광명향 휴게소내 주유소)112-5,14935,031-411-0592,자동차충전,37.39262028,126.8710697,,,,,,
경기 시흥시,배곧충전소,경기도 시흥시 서해안로 559,경기도 시흥시 정왕동 1773번지,15010,031-434-7685,자동차충전,37.36921437,126.735358,,,,,,
경기 시흥시,시화충전소,경기도 시흥시 서해안로 596,경기도 시흥시 정왕동 1112번지,15008,031-319-3081,자동차충전,37.37172383,126.7387207,,,,,,
경기 시흥시,시흥목감LPG충전소,경기도 시흥시 수인로 2536,경기도 시흥시 논곡동 29-3번지,14934,031-401-2213,자동차충전,37.40317255,126.8505534,,,,,,
경기 시흥시,시흥하늘 충전소(일산방향),,경기도 시흥시 조남동 190-1번지 102동,14983,031-402-0273,자동차충전,37.38513977,126.8561537,,,,,,
경기 시흥시,시흥하늘 충전소(판교방향),,경기도 시흥시 조남동 198-17번지 102동,14983,031-402-0273,자동차충전,37.38260181,126.8552153,,,,,,
경기 시흥시,포동가스충전소,경기도 시흥시 시흥대로 711,경기도 시흥시 하중동 343-2번지,14971,031-317-7305,자동차충전,37.39982065,126.7926339,,,,,,
경기 시흥시,한일가스산업(주)정왕충전소,경기도 시흥시 서해안로 580,경기도 시흥시 정왕동 1116번지 LPG충전소,15008,031-365-3175,자동차충전,37.37023936,126.7377532,,,,,,
경기 시흥시,헵시바한화충전소,경기도 시흥시 희망공원로 280,경기도 시흥시 정왕동 2167-1번지,15082,031-314-3938,자동차충전,37.34515442,126.7266605,,,,,,
경기 안산시 단원구,(주)극동산업,경기도 안산시 단원구 선이로 39,경기도 안산시 단원구 선부동 1015번지,15223,031-484-6668,자동차충전,37.3434524,126.8007723,,,,,,
경기 안산시 단원구,샛뿔충전소,경기도 안산시 단원구 중앙대로 240,경기도 안산시 단원구 신길동 216-131번지,15406,031-492-9788,자동차충전,37.33468919,126.7691444,,,,,,
경기 안산시 단원구,선감충전소,경기도 안산시 단원구 대부황금로 123,경기도 안산시 단원구 선감동 683-4번지,15652,031-886-9350,자동차충전,37.20289048,126.6441852,,,,,,
경기 안산시 단원구,신길LPG충전소,경기도 안산시 단원구 중앙대로 179,경기도 안산시 단원구 신길동 216-269번지,15397,031-492-8543,자동차충전,37.33435141,126.7612006,,,,,,
경기 안산시 단원구,오제이씨(주),경기도 안산시 단원구 능길로 97,경기도 안산시 단원구 신길동 1052-4번지,15420,031-8686-9457,부탄켄,37.32571939,126.7660483,,,,,,
경기 안산시 단원구,케이와이에너지(주) 느티나무충전소,경기도 안산시 단원구 시흥대로 84-9,경기도 안산시 단원구 선부동 169-1번지,15210,031-432-1026,자동차충전,37.34958367,126.7995751,,,,,,
경기 안산시 단원구,한창충전소,경기도 안산시 단원구 대선로 419,경기도 안산시 단원구 대부남동 309-30번지,15645,031-881-0147,자동차충전,37.23666745,126.5726443,,,,,,
경기 안산시 상록구,(주)경기태평양충전소안산지점,경기도 안산시 상록구 가루개로 181,경기도 안산시 상록구 양상동 247번지,15208,031-413-3557,자동차충전,37.34365873,126.8512244,,,,,,
경기 안산시 상록구,(주)우리에너지,경기도 안산시 상록구 서해로 2938,경기도 안산시 상록구 건건동 431-4번지,15521,031-437-3555,자동차충전,37.31290657,126.9139637,,,,,,
경기 안산시 상록구,(주)일신에너지,경기도 안산시 상록구 수인로 1125,경기도 안산시 상록구 팔곡일동 620번지 (주)일신에너지,15526,031-437-3723,자동차충전,37.30153947,126.8854031,,,,,,
경기 안산시 상록구,(주)중산엘피지,경기도 안산시 상록구 안산천서로6길 24,경기도 안산시 상록구 월피동 483-3번지,15257,031-486-1561,자동차충전,37.33690342,126.8488554,,,,,,
경기 안산시 상록구,SK안산충전소,경기도 안산시 상록구 선진안길 83,경기도 안산시 상록구 사동 1493번지 4동,15633,031-409-6051,용기+자동차+탱크+13kg용기,37.2776989,126.8485198,,,,,,
경기 안산시 상록구,반월가스공업(주),경기도 안산시 상록구 충정공길 6,경기도 안산시 상록구 사사동 142-1번지 반월가스공업(주),15523,031-419-3551,용기+자동차+13kg용기,37.29846257,126.9260584,,,,,,
경기 안산시 상록구,반월충전소,경기도 안산시 상록구 서해로 2833,경기도 안산시 상록구 사사동 471-3번지,15521,031-419-0142,자동차충전,37.30439664,126.9157031,,,,,,
경기 안산시 상록구,우일에너지(주)안산성원충전소,경기도 안산시 상록구 수인로 1848,경기도 안산시 상록구 장상동 431-3번지,15201,031-411-8831,자동차충전,37.34893164,126.8712311,,,,,,
경기 안산시 상록구,해안로충전소,경기도 안산시 상록구 해안로 738,경기도 안산시 상록구 사동 1640-6번지,15596,031-419-5145,자동차충전,37.28745891,126.828806,,,,,,
경기 안성시,(주)계동에너지,경기도 안성시 안성맞춤대로 857,경기도 안성시 계동 76-3번지,17595,031-6772-179,자동차충전,36.99078485,127.2691008,,,,,,
경기 안성시,(주)성림가스,경기도 안성시 원곡면 청원로 1798,경기도 안성시 원곡면 내가천리 160-15번지,17556,031-653-6886,용기+자동차+탱크+13kg용기,37.04066154,127.1188526,,,,,,
경기 안성시,(주)소모에너지엔테크놀러지칠곡주유소,경기도 안성시 원곡면 남북대로 1201-7,경기도 안성시 원곡면 칠곡리 613-6번지 칠곡충전소,17555,031-618-1325,자동차충전,37.04480533,127.156302,,,,,,
경기 안성시,(주)우진에너지,경기도 안성시 미양면 안성맞춤대로 621,경기도 안성시 미양면 구수리 198-10번지,17600,031-677-0600,자동차충전,36.97390927,127.2553214,,,,,,
경기 안성시,(주)이엘에스 양변엘피지충전소,경기도 안성시 미양면 안성대로 321,경기도 안성시 미양면 양변리 211-4번지,17604,031-673-5179,자동차충전,36.95143143,127.2444872,,,,,,
경기 안성시,(주)이지스에너지,경기도 안성시 공도읍 서동대로 4287-12,경기도 안성시 공도읍 만정리 290-7번지,17550,031-653-0036,자동차충전,37.00572047,127.1793284,,,,,,
경기 안성시,(주)진성에너지 안성맞춤LPG충전소,경기도 안성시 안성맞춤대로 1253,경기도 안성시 당왕동 269-11번지,17539,031-671-5100,자동차충전,37.02386896,127.2651558,,,,,,
경기 안성시,(주)청양엘피지 이화충전소,경기도 안성시 보개면 서동대로 5894,경기도 안성시 보개면 상삼리 212-1번지,17508,031-674-9997,자동차충전,37.02795968,127.3399097,,,,,,
경기 안성시,광장엘피지충전소(애경개발),경기도 안성시 일죽면 서동대로 7184,경기도 안성시 일죽면 월정리 718-1번지 광장충전소,17530,031-676-4495,자동차충전,37.08426114,127.4490087,,,,,,
경기 안성시,구도일충전소,경기도 안성시 삼죽면 서동대로 6210,경기도 안성시 삼죽면 진촌리 437번지,17516,031-672-2557,자동차충전,37.04651437,127.3640942,,,,,,
경기 안성시,녹박재충전소,경기도 안성시 죽산면 서동대로 6516,경기도 안성시 죽산면 장능리 660-4번지 녹박재충전소,17521,031-673-1038,자동차충전,37.06835613,127.3808951,,,,,,
경기 안성시,대보유통(주) 안성(서울방향)충전소,경기도 안성시 원곡면 경부고속도로 372-1,경기도 안성시 원곡면 산하리 425-1번지,17553,031-664-4096,자동차충전,37.07781148,127.1309072,,,,,,
경기 안성시,서일산업(주) 평송충전소,경기도 안성시 양성면 양성로 527,경기도 안성시 양성면 장서리 382-8번지 평송LPG,17501,031-677-8518,탱크로리,37.0990823,127.2111318,,,,,,
경기 안성시,성원이엔에스 안성충전소,경기도 안성시 대덕면 안성대로 1288,경기도 안성시 대덕면 모산리 359-15번지,17543,031-671-6789,자동차충전,37.03227692,127.238145,,,,,,
경기 안성시,안성맞춤(충주방향)충전소,경기도 안성시 서운면 평택제천고속도로 40,경기도 안성시 서운면 신능리 111-23번지,17606,031-674-4406,자동차충전,36.96810544,127.2742697,,,,,,
경기 안성시,안성맞춤(평택방향)충전소,경기도 안성시 서운면 평택제천고속도로 41,경기도 안성시 서운면 신능리 51-16번지,17606,031-672-9622,자동차충전,36.97031457,127.2745777,,,,,,
경기 안성시,안성에너지,경기도 안성시 대덕면 만세로 77-1,경기도 안성시 대덕면 모산리 396-3번지 안성에너지LPG충전소,17543,031-672-2213,용기+자동차+탱크+13kg용기,37.02600983,127.2371884,,,,,,
경기 안성시,옥산에너지(주) 안성제일충전소,경기도 안성시 대덕면 서동대로 5059,경기도 안성시 대덕면 소현리 297-1번지 안성제일충전소(LPG주유소),17543,031-676-0620,자동차충전,37.02343381,127.2594235,,,,,,
경기 안성시,우리가스충전소,경기도 안성시 안성맞춤대로 898,경기도 안성시 계동 3번지,17596,031-676-2286,자동차충전,36.99402297,127.2701024,,,,,,
경기 안성시,일죽엘피지충전소,경기도 안성시 일죽면 서동대로 7321-11,경기도 안성시 일죽면 월정리 482-3번지 일죽휴게소충전소,17530,031-673-6022,자동차+탱크,37.08759176,127.4603708,,,,,,
경기 안성시,죽산에너지,경기도 안성시 죽산면 서동대로 6725,경기도 안성시 죽산면 두현리 298-27번지,17521,031-675-0066,자동차충전,37.07268535,127.4032864,,,,,,
경기 안성시,태현충전소,경기도 안성시 대덕면 안성대로 1535,경기도 안성시 대덕면 보동리 236-3번지,17541,031-676-5179,자동차충전,37.05128289,127.2482016,,,,,,
경기 안성시,평화엘피지충전소,경기도 안성시 공도읍 서동대로 4068,경기도 안성시 공도읍 승두리 593-6번지,17562,031-656-2900,자동차충전,36.99737888,127.158752,,,,,,
경기 안성시,한국도로공사 안성(부산)주유소-충전소,경기도 안성시 원곡면 경부고속도로 365-1,경기도 안성시 원곡면 반제리 642-5번지,17557,031-651-5385,자동차충전,37.01267382,127.1456106,,,,,,
경기 안성시,한일크린에너지(주),경기도 안성시 안성맞춤대로 872,경기도 안성시 계동 5번지,17596,031-6773-120,자동차+탱크,36.9918232,127.2699742,,,,,,
경기 안양시 동안구,(주)안양엘피지충전소,경기도 안양시 동안구 경수대로 957,경기도 안양시 동안구 비산동 1083번지 LPG안양충전소,13956,031-449-2033,자동차충전,37.39933132,126.9307358,,,,,,
경기 안양시 동안구,동일석유(주)신안엘피지충전소,경기도 안양시 동안구 엘에스로 101,경기도 안양시 동안구 호계동 1028-7번지 신안LP충전소,14119,031-452-9414,자동차충전,37.37103675,126.949675,,,,,,
경기 안양시 동안구,상신가스연료(합),경기도 안양시 동안구 관악대로 283,경기도 안양시 동안구 관양동 1383-6번지 상신가스충전소,13940,031-385-8275,자동차충전,37.40306567,126.9542429,,,,,,
경기 안양시 만안구,(주)삼표에너지 안양충전소,경기도 안양시 만안구 시민대로 45,경기도 안양시 만안구 안양동 206-7번지 GS칼텍스,14088,031-443-7111,용기+자동차+13kg용기,37.38384066,126.9390989,,,,,,
경기 안양시 만안구,에스케이안양충전소,경기도 안양시 만안구 안양로 575,경기도 안양시 만안구 석수동 252-1번지 LPG안양충전소,13904,031-472-1361,용기+자동차+13kg용기,37.4205031,126.906628,,,,,,
경기 양주시,(주)용암엘피지충전소,경기도 양주시 은현면 평화로 1878,경기도 양주시 은현면 용암리 267-4번지,11429,031-863-5145,자동차충전,37.85654449,127.0545328,,,,,,
경기 양주시,(주)한국가스산업,경기도 양주시 광적면 부흥로 137,경기도 양주시 광적면 비암리 693번지,11424,031-878-5643,용기+탱크+13kg용기,37.80846508,126.9210432,,,,,,
경기 양주시,KH에너지(주)직영양주충전소(일산방향),경기도 양주시 장흥면 서울외곽순환고속도로 58,경기도 양주시 장흥면 삼하리 250-16번지,11525,031-871-2997,자동차충전,37.67918126,126.9158008,,,,,,
경기 양주시,뉴송정에너지,경기도 양주시 장흥면 호국로 607,경기도 양주시 장흥면 부곡리 535-16번지,11521,031-855-0051,자동차충전,37.7198486,126.9812244,,,,,,
경기 양주시,모정가스충전소,경기도 양주시 화합로 1547,경기도 양주시 회암동 607-9번지,11463,031-865-5151,자동차충전,37.83834335,127.0779857,,,,,,
경기 양주시,모정제2충전소,경기도 양주시 은현면 화합로 959,경기도 양주시 은현면 선암리 171-1번지 모정제2충전소,11430,031-866-9797,자동차충전,37.86021909,127.0283751,,,,,,
경기 양주시,사과나무충전소,경기도 양주시 부흥로 1881,경기도 양주시 광사동 317번지,11488,031-842-5155,자동차충전,37.79175365,127.0727423,,,,,,
경기 양주시,송추LPG충전소,경기도 양주시 장흥면 호국로 682,경기도 양주시 장흥면 울대리 315번지,11522,031-855-0531,자동차충전,37.7226019,126.9883879,,,,,,
경기 양주시,양주에너지 봉양LPG충전소,경기도 양주시 평화로 2041,경기도 양주시 봉양동 801-6번지,11447,031-864-0070,자동차충전,37.87003895,127.0598408,,,,,,
경기 양주시,양주에너지덕정LPG충전소,경기도 양주시 화합로 1277,경기도 양주시 회정동 522번지,11433,031-859-7863,자동차충전,37.84704146,127.0560562,,,,,,
경기 양주시,에이스산업사,경기도 양주시 백석읍 호명로 135-5,경기도 양주시 백석읍 복지리 397번지,11512,031-879-0661,기타,37.78167145,126.989798,,,,,,
경기 양주시,에이치에너지산업(주),경기도 양주시 동일로 955,경기도 양주시 마전동 291-28번지,11496,031-845-7905,자동차충전,37.77003517,127.0470701,,,,,,
경기 양주시,옥정LPG충전소,경기도 양주시 화합로 1677,경기도 양주시 율정동 596-1번지,11464,031-863-5149,자동차충전,37.83938498,127.0922316,,,,,,
경기 양주시,유양에너지,경기도 양주시 부흥로 1213,경기도 양주시 유양동 698-11번지,11499,031-856-7701,자동차충전,37.79217792,127.0125436,,,,,,
경기 양주시,유양엘피지충전소,경기도 양주시 부흥로 1320,경기도 양주시 유양동 629-3번지,11498,031-842-5030,자동차충전,37.78626913,127.0222812,,,,,,
경기 양주시,회천농협충전소,경기도 양주시 평화로 1855,경기도 양주시 회정동 7-6번지,11435,031-858-8300,자동차충전,37.8548559,127.0537017,,,,,,
경기 양평군,(주)삼호에너지강변충전소,경기도 양평군 옥천면 경강로 1574,경기도 양평군 옥천면 옥천리 934-1번지 강변LPG충전소,12507,031-773-4789,자동차충전,37.50513584,127.4564741,,,,,,
경기 양평군,동부충전소,경기도 양평군 양평읍 경강로 2244,경기도 양평군 양평읍 백안리 333번지,12549,031-774-1422,자동차충전,37.49466704,127.5263699,,,,,,
경기 양평군,새한강에너지,경기도 양평군 옥천면 경강로 1564,경기도 양평군 옥천면 옥천리 931-2번지,12507,031-775-7848,자동차충전,37.50542398,127.4556593,,,,,,
경기 양평군,양평가스충전소,경기도 양평군 양평읍 경강로 2004,경기도 양평군 양평읍 공흥리 696-3번지,12551,031-774-6122,자동차충전,37.50143923,127.5019007,,,,,,
경기 양평군,양평충전소,경기도 양평군 양평읍 경강로 1683,경기도 양평군 양평읍 오빈리 361-4번지,12545,031-771-4478,자동차충전,37.50353518,127.4683208,,,,,,
경기 양평군,용문가스충전소,경기도 양평군 용문면 경강로 3301,경기도 양평군 용문면 광탄리 434-3번지,12513,031-7740-173,자동차충전,37.51092679,127.6257451,,,,,,
경기 여주시,(주)고신통상여주(하)충전소,경기도 여주시 가남읍 여주남로 722,경기도 여주시 가남읍 본두리 689-1번지 여주(하)휴게소,12656,031-881-6132,자동차충전,37.23771889,127.5683102,,,,,,
경기 여주시,(주)여주에너지-여주가스충전소,경기도 여주시 영릉로 148,경기도 여주시 하동 99-2번지,12643,031-8851-100,용기+자동차+탱크+13kg용기,37.2988161,127.6236535,,,,,,
경기 여주시,(주)원일유통여주(상)충전소,경기도 여주시 가남읍 화평길 116,경기도 여주시 가남읍 본두리 677-2번지 여주휴게소,12649,031-881-3655,자동차충전,37.23981034,127.5679852,,,,,,
경기 여주시,(주)유성티엔에스 서여주(양평방향)충전소,경기도 여주시 능서면 중부내륙고속도로 272,경기도 여주시 능서면 매류리 1-48번지,12646,031-885-9764,자동차충전,37.27868001,127.5805187,,,,,,
경기 여주시,(주)한중에너지 직영 한중충전소,경기도 여주시 향교로 9,경기도 여주시 창동 183번지,12626,031-885-1885,자동차충전,37.28899018,127.6326178,,,,,,
경기 여주시,가남LPG충전소,경기도 여주시 가남읍 경충대로 1331,경기도 여주시 가남읍 태평리 205-4번지,12662,031-881-0065,자동차충전,37.20656936,127.5422044,,,,,,
경기 여주시,극동유화(주)대성충전소,경기도 여주시 신륵로 19,경기도 여주시 천송동 555-1번지,12636,031-883-7701,용기+자동차+탱크+13kg용기,37.30102741,127.6521257,,,,,,
경기 여주시,서여주(마산방향)충전소,경기도 여주시 능서면 중부내륙고속도로 271,경기도 여주시 능서면 매류리 1-8번지,12641,031-885-9764,자동차충전,37.27822158,127.5786005,,,,,,
경기 여주시,성신충전소,경기도 여주시 가남읍 경충대로 1402,경기도 여주시 가남읍 태평리 268-12번지,12662,031-884-2024,자동차충전,37.21266297,127.5420275,,,,,,
경기 여주시,여주LPG충전소,경기도 여주시 가남읍 경충대로 900,경기도 여주시 가남읍 은봉리 38-2번지,12663,031-884-7113,용기+자동차+탱크+13kg용기,37.17545844,127.5682654,,,,,,
경기 여주시,연세석유 여주LPG충전소,경기도 여주시 신륵로 164,경기도 여주시 천송동 51-5번지,12613,031-883-8970,자동차충전,37.30228654,127.6675644,,,,,,
경기 여주시,케이와이에너지(주)능서주유소충전소,경기도 여주시 능서면 중부대로 2171,경기도 여주시 능서면 용은리 424-21번지,12607,031-881-4456,자동차충전,37.29684328,127.546847,,,,,,
경기 연천군,KH에너지(주)직영 연천충전소,경기도 연천군 청산면 평화로 195,경기도 연천군 청산면 초성리 366번지,11023,031-835-5760,자동차충전,37.99095771,127.0698927,,,,,,
경기 연천군,만남충전소,경기도 연천군 전곡읍 평화로 464,경기도 연천군 전곡읍 전곡리 159-4번지,11031,031-832-5145,자동차충전,38.01190835,127.068745,,,,,,
경기 연천군,양원리충전소,경기도 연천군 전곡읍 양연로 1115,경기도 연천군 전곡읍 양원리 488-2번지,11040,031-833-5956,자동차충전,37.99786775,127.0291578,,,,,,
경기 연천군,전곡LPG충전소,경기도 연천군 전곡읍 청정로 2503,경기도 연천군 전곡읍 은대리 633-4번지 전곡LPG충전소,11024,031-832-6066,자동차충전,38.02956967,127.0628418,,,,,,
경기 오산시,(주)대원에너지 동서엘피지충전소,경기도 오산시 서동로 65,경기도 오산시 서동 202-4번지 SK LPG동서충전소,18104,031-376-1881,자동차충전,37.14582301,127.03814,,,,,,
경기 오산시,KH에너지(주)직영 오산충전소(과천방향),경기도 오산시 수도권제2순환고속도로 13,경기도 오산시 지곶동 산58-1번지,18102,031-377-5259,자동차충전,37.17900598,127.0363609,,,,,,
경기 오산시,KH에너지(주)직영 오산충전소(동탄방향),경기도 오산시 수도권제2순환고속도로 14,경기도 오산시 금암동 산42-1번지,18102,031-376-5158,자동차충전,37.17581349,127.0382842,,,,,,
경기 오산시,SK동산충전소,경기도 오산시 오산천로 3-9,경기도 오산시 갈곶동 3-1번지,18130,031-377-8228,자동차충전,37.13438817,127.0605581,,,,,,
경기 오산시,삼미충전소,경기도 오산시 경기대로 725,경기도 오산시 내삼미동 587번지 LG 삼미충전소,18112,031-378-1148,자동차충전,37.18282437,127.0494511,,,,,,
경기 오산시,신도시충전소,경기도 오산시 외삼미로 88,경기도 오산시 외삼미동 74-11번지,18111,031-3725-818,자동차충전,37.19317808,127.0605331,,,,,,
경기 오산시,오산대역충전소,경기도 오산시 경기대로 497,경기도 오산시 수청동 616-4번지,18115,031-377-4611,자동차+탱크,37.16749201,127.0640722,,,,,,
경기 오산시,오산엘피지충전소,경기도 오산시 경기대로 146,경기도 오산시 원동 385번지,18144,031-374-2822,자동차충전,37.13750134,127.0738034,,,,,,
경기 오산시,프라자충전소,경기도 오산시 경기동로 197,경기도 오산시 부산동 79-1번지,18148,031-373-5803,자동차충전,37.15929496,127.0936044,,,,,,
경기 용인시 기흥구,(주)대호에너지,경기도 용인시 기흥구 중부대로 208,경기도 용인시 기흥구 영덕동 104-6번지 GS칼텍스대호가스충전소,17095,031-287-7400,자동차충전,37.27112127,127.0904437,,,,,,
경기 용인시 기흥구,(주)한미석유 기흥주유소,경기도 용인시 기흥구 공세로81번길 40,경기도 용인시 기흥구 공세동 273번지 기흥휴게소內,17100,031-286-5182,자동차충전,37.23287364,127.106005,,,,,,
경기 용인시 기흥구,(주)한미석유구성그린LPG충전소,경기도 용인시 기흥구 용구대로 2425,경기도 용인시 기흥구 마북동 502-146번지,16907,031-283-7474,자동차충전,37.30234284,127.1055752,,,,,,
경기 용인시 기흥구,구갈(대천)충전소,경기도 용인시 기흥구 중부대로 514,경기도 용인시 기흥구 구갈동 205-1번지,17066,031-284-1891,자동차충전,37.27414581,127.1217055,,,,,,
경기 용인시 기흥구,그린에너지,경기도 용인시 기흥구 덕영대로 1872,경기도 용인시 기흥구 하갈동 404-2번지 영통그린충전소,17098,031-273-5111,자동차+13kg용기,37.25395683,127.0925213,,,,,,
경기 용인시 기흥구,동백LPG충전소,경기도 용인시 기흥구 동백죽전대로 563,경기도 용인시 기흥구 동백동 406-8번지,16992,031-281-5515,자동차충전,37.28873532,127.1496675,,,,,,
경기 용인시 기흥구,르노삼성자동차(주),경기도 용인시 기흥구 탑실로 61,경기도 용인시 기흥구 공세동 447-4번지 삼성자동차중앙연구소,17084,031-2897-102,자동차사,37.24297314,127.1153896,,,,,,
경기 용인시 기흥구,마북LPG충전소,경기도 용인시 기흥구 용구대로 2294,경기도 용인시 기흥구 마북동 416-6번지,16920,031-284-4164,자동차충전,37.29157829,127.1104376,,,,,,
경기 용인시 기흥구,민속촌엘피지충전소,경기도 용인시 기흥구 사은로 178,경기도 용인시 기흥구 지곡동 607-4번지 외4필지,17088,031-285-1222,자동차충전,37.25483128,127.1252978,,,,,,
경기 용인시 기흥구,반도체충전소,경기도 용인시 기흥구 삼성2로 55,경기도 용인시 기흥구 농서동 144번지,17113,031-287-5187,자동차충전,37.22555153,127.0790122,,,,,,
경기 용인시 기흥구,서일석유(주)기흥서일충전소,경기도 용인시 기흥구 신수로 179,경기도 용인시 기흥구 신갈동 357-2번지,16947,031-283-7016,자동차충전,37.28556166,127.0983526,,,,,,
경기 용인시 기흥구,수원IC LPG충전소,경기도 용인시 기흥구 중부대로 252-1,경기도 용인시 기흥구 영덕동 29-2번지,17095,031-285-4412,자동차충전,37.26968754,127.0955383,,,,,,
경기 용인시 기흥구,수지충전소,경기도 용인시 기흥구 신정로 609,경기도 용인시 기흥구 보정동 474-9번지,16924,031-265-5159,자동차충전,37.3210285,127.1028365,,,,,,
경기 용인시 기흥구,신갈자동차충전소,경기도 용인시 기흥구 용구대로2469번길 51,경기도 용인시 기흥구 보정동 1019-243번지 신갈충전소,16907,031-265-8844,자동차+13kg용기,37.31121863,127.1047051,,,,,,
경기 용인시 기흥구,신갈톨게이트엘피지충전소,경기도 용인시 기흥구 중부대로 261,경기도 용인시 기흥구 영덕동 35-1번지 신갈충전소,16948,031-285-2245,자동차충전,37.27082604,127.0963443,,,,,,
경기 용인시 기흥구,영덕엘피지충전소,경기도 용인시 기흥구 중부대로 131,경기도 용인시 기흥구 영덕동 175-1번지,16950,031-206-8581,자동차충전,37.26914663,127.0825367,,,,,,
경기 용인시 처인구,(주)원일석유 용인(상)충전소,경기도 용인시 처인구 주북로 66-16,경기도 용인시 처인구 고림동 88-1번지 용인(상)휴게소 내 주유소,17039,031-339-2262,자동차충전,37.24809212,127.2369942,,,,,,
경기 용인시 처인구,"(주)원일석유 용인(하)고속도로 주유소,충전소",경기도 용인시 처인구 양지면 주북로94번길 30,경기도 용인시 처인구 양지면 주북리 958-3번지 용인(하)휴게소 내 주유소,17159,031-332-3222,자동차충전,37.24582642,127.2437673,,,,,,
경기 용인시 처인구,(주)한미석유직영유방동엘피지충전소,경기도 용인시 처인구 백옥대로 1260,경기도 용인시 처인구 유방동 502-1번지,17043,031-335-5186,자동차충전,37.24755128,127.2136781,,,,,,
경기 용인시 처인구,(주)한진가스,경기도 용인시 처인구 중부대로 1148,경기도 용인시 처인구 삼가동 250-7번지 LPG한진가스,17091,031-336-4343,자동차충전,37.23954911,127.1728049,,,,,,
경기 용인시 처인구,경안충전소,경기도 용인시 처인구 모현읍 백옥대로 2547,경기도 용인시 처인구 모현읍 왕산리 727번지 SK경안LPG충전소,17035,031-334-2427,자동차충전,37.35047901,127.2482558,,,,,,
경기 용인시 처인구,고려충전소,경기도 용인시 처인구 중부대로 1558,경기도 용인시 처인구 마평동 532번지,17144,031-321-1248,자동차충전,37.232913,127.2176453,,,,,,
경기 용인시 처인구,대한에너지,경기도 용인시 처인구 중부대로 1788,경기도 용인시 처인구 마평동 123번지,17143,031-321-5111,자동차충전,37.22845289,127.242169,,,,,,
경기 용인시 처인구,동경엘피지충전소,경기도 용인시 처인구 포곡읍 백옥대로 1827,경기도 용인시 처인구 포곡읍 삼계리 281-1번지,17028,031-333-2400,자동차충전,37.28952361,127.2343793,,,,,,
경기 용인시 처인구,모과나무충전소,경기도 용인시 처인구 모현읍 포은대로 230,경기도 용인시 처인구 모현읍 매산리 24번지,17032,031-334-7131,자동차충전,37.35247115,127.2202017,,,,,,
경기 용인시 처인구,백암충전소,경기도 용인시 처인구 백암면 죽양대로 1401,경기도 용인시 처인구 백암면 근곡리 690번지 SK백암주유소,17176,031-338-5180,자동차충전,37.17185335,127.3529774,,,,,,
경기 용인시 처인구,베스트오일(주)직영용인웰컴엘피지충전소,경기도 용인시 처인구 양지면 중부대로 1863,경기도 용인시 처인구 양지면 송문리 457-1번지,17160,031-334-8851,자동차충전,37.22601726,127.2497185,,,,,,
경기 용인시 처인구,서일산업(주)동백가스,경기도 용인시 처인구 중부대로 997,경기도 용인시 처인구 삼가동 39-7번지,16997,031-321-2260,자동차충전,37.24902444,127.1605635,,,,,,
경기 용인시 처인구,서일산업(주)용인충전소,경기도 용인시 처인구 이동읍 남북대로 2617,경기도 용인시 처인구 이동읍 송전리 205-1번지,17137,031-339-8402,자동차+탱크+13kg용기,37.13927128,127.2052705,,,,,,
경기 용인시 처인구,선봉대에너지,경기도 용인시 처인구 성산로 153,경기도 용인시 처인구 역북동 109-3번지,17018,031-333-5596,자동차충전,37.25013359,127.1903158,,,,,,
경기 용인시 처인구,송전휴게소충전소,경기도 용인시 처인구 이동읍 남북대로 2616,경기도 용인시 처인구 이동읍 송전리 169-5번지 송전휴게소,17137,031-335-4194,자동차충전,37.14060626,127.2056256,,,,,,
경기 용인시 처인구,양지엘피지충전소,경기도 용인시 처인구 양지면 양지로 17-9,경기도 용인시 처인구 양지면 양지리 787번지,17158,031-338-3686,자동차충전,37.22872137,127.2719846,,,,,,
경기 용인시 처인구,에버충전소,경기도 용인시 처인구 포곡읍 백옥대로 1858,경기도 용인시 처인구 포곡읍 삼계리 190-4번지,17028,031-334-5858,자동차+13kg용기,37.29250135,127.2357791,,,,,,
경기 용인시 처인구,용인에너지,경기도 용인시 처인구 백옥대로 1002,경기도 용인시 처인구 남동 186-5번지,17146,031-338-9582,자동차충전,37.22509921,127.2107533,,,,,,
경기 용인시 처인구,용인충전소,경기도 용인시 처인구 백옥대로 1225-6,경기도 용인시 처인구 유방동 539-1번지,17043,031-321-1248,자동차충전,37.24379554,127.2112456,,,,,,
경기 용인시 처인구,유림충전소,경기도 용인시 처인구 백옥대로 1214,경기도 용인시 처인구 유방동 532-1번지,17043,031-337-3800,자동차충전,37.24332936,127.212296,,,,,,
경기 의왕시,(주)삼진에너지 의왕충전소,경기도 의왕시 오봉로 183,경기도 의왕시 이동 371-1번지,16079,031-461-5230,자동차충전,37.33437485,126.9608021,,,,,,
경기 의왕시,(주)의왕오렌지충전소,경기도 의왕시 경수대로 399,경기도 의왕시 오전동 38-10번지,16071,031-4275-801,자동차충전,37.35925041,126.9642151,,,,,,
경기 의왕시,경일석유(주) 원일충전소,경기도 의왕시 안양판교로 372,경기도 의왕시 학의동 185-1번지 원일LPG충전소,16011,031-426-0105,자동차충전,37.39208451,127.0113843,,,,,,
경기 의왕시,의왕가스충전소,경기도 의왕시 경수대로 75,경기도 의왕시 왕곡동 531-6번지 의왕가스충전소,16070,031-458-5201,자동차충전,37.33440831,126.9803648,,,,,,
경기 의왕시,청계충전소,경기도 의왕시 안양판교로 469,경기도 의왕시 청계동 249-1번지 LG가스,16011,031-426-2651,자동차충전,37.39482899,127.0212518,,,,,,
경기 의정부시,(주)케이엘페트로 의정부지점,경기도 의정부시 구리포천고속도로 19,"경기도 의정부시 산곡동 304-2번지 외45필지, 산19임, 19-1임, 산21-12임",11800,031-928-4779,자동차충전,37.73303443,127.1151272,,,,,,
경기 의정부시,KH에너지(주)직영 장암충전소,경기도 의정부시 동일로 141,경기도 의정부시 장암동 175-3번지,11726,031-826-3465,자동차충전,37.70185336,127.0550404,,,,,,
경기 의정부시,금오충전소,경기도 의정부시 호국로 1620,경기도 의정부시 금오동 93-1번지 금오가스충전소,11755,031-821-1750,자동차충전,37.75655636,127.0800401,,,,,,
경기 의정부시,녹양LPG충전소,경기도 의정부시 평화로 801,경기도 의정부시 녹양동 16-4번지,11684,031-848-8894,자동차충전,37.76337793,127.0433073,,,,,,
경기 의정부시,대로충전소,경기도 의정부시 가금로 75,경기도 의정부시 가능동 15-35번지,11684,031-846-2206,자동차충전,37.75453346,127.044985,,,,,,
경기 의정부시,대성산업(주)의정부충전소,경기도 의정부시 평화로 433,경기도 의정부시 의정부동 385-2번지,11700,031-877-2207,용기+자동차+13kg용기,37.73067688,127.0476958,,,,,,
경기 의정부시,복지북부충전소,경기도 의정부시 평화로 75,경기도 의정부시 호원동 220-2번지,11648,031-871-5541,자동차충전,37.69961542,127.0449012,,,,,,
경기 의정부시,산곡에너지충전소,경기도 의정부시 송산로 950,경기도 의정부시 산곡동 494-1번지,11800,031-847-0843,자동차충전,37.71615317,127.104413,,,,,,
경기 의정부시,의정부LPG충전소,경기도 의정부시 금신로 54,경기도 의정부시 신곡동 262-2번지,11795,031-871-5884,자동차충전,37.72587366,127.0646784,,,,,,
경기 의정부시,의정부가득충전소,경기도 의정부시 민락로 554,경기도 의정부시 자일동 60-3번지,11767,031-852-3332,자동차충전,37.77018088,127.1160248,,,,,,
경기 이천시,(주)디에스덕평(강릉방향)충전소,경기도 이천시 마장면 덕이로154번길 287-74,경기도 이천시 마장면 각평리 319-2번지,17384,031-635-8858,자동차충전,37.24071431,127.3879529,,,,,,
경기 이천시,(주)디에스덕평(서창방향)충전소,경기도 이천시 마장면 덕이로154번길 287-74,경기도 이천시 마장면 각평리 319-2번지,17384,031-635-8858,자동차충전,37.24071431,127.3879529,,,,,,
경기 이천시,KH에너지(주) 직영 마장프리미엄충전소(통영방향),경기도 이천시 마장면 중부고속도로 82,경기도 이천시 마장면 목리 산13-32번지 마장휴게소 내,17384,031-638-7869,자동차충전,37.26274425,127.4084799,,,,,,
경기 이천시,SK덕평충전소,경기도 이천시 마장면 서이천로 189-11,경기도 이천시 마장면 이치리 522-4번지,17385,031-633-0383,용기+자동차+탱크+13kg용기+부탄,37.25242065,127.3759826,,,,,,
경기 이천시,관리LPG충전소,경기도 이천시 마장면 마도로 259,경기도 이천시 마장면 관리 942-9번지,17382,031-638-5177,자동차충전,37.27736005,127.3505052,,,,,,
경기 이천시,광신개발(주)직영 랜드마크충전소,경기도 이천시 모가면 사실로 878,경기도 이천시 모가면 어농리 61-1번지,17406,031-635-2004,용기+자동차+탱크+13kg용기,37.19006627,127.4408591,,,,,,
경기 이천시,도두람충전소,경기도 이천시 마장면 중부대로 567,경기도 이천시 마장면 목리 415-6번지,17384,031-637-5150,자동차충전,37.25584123,127.3995006,,,,,,
경기 이천시,동일석유(주)이천충전소,경기도 이천시 경충대로 2806,경기도 이천시 관고동 125-1번지,17354,031-634-2000,용기+자동차+탱크+13kg용기,37.2874838,127.4290727,,,,,,
경기 이천시,삼원가스,경기도 이천시 이섭대천로 1126,경기도 이천시 진리동 369-6번지,17381,031-631-5211,자동차충전,37.27078096,127.4464017,,,,,,
경기 이천시,서진충전소,경기도 이천시 황무로 747,경기도 이천시 송정동 231-3번지,17308,031-6314-653,자동차충전,37.30429647,127.4317989,,,,,,
경기 이천시,서창산업(주)이천(하)충전소,경기도 이천시 마장면 중부대로609번길 244-35,경기도 이천시 마장면 목리 142번지 이천휴게소,17384,031-637-0401,자동차충전,37.2645883,127.4036619,,,,,,
경기 이천시,서천가스,경기도 이천시 경충대로 2839,경기도 이천시 관고동 154번지,17379,031-638-5000,자동차충전,37.28961855,127.4265097,,,,,,
경기 이천시,양촌충전소,경기도 이천시 마장면 중부대로 88,경기도 이천시 마장면 양촌리 157-1번지,17387,031-633-1112,자동차충전,37.25600915,127.3460479,,,,,,
경기 이천시,우성충전소,경기도 이천시 부발읍 중부대로 1782,경기도 이천시 부발읍 신원리 558-51번지,17318,031-636-7687,자동차충전,37.28974044,127.5044225,,,,,,
경기 이천시,이천마장충전소(구:신화오엔씨),경기도 이천시 마장면 중부대로 566,경기도 이천시 마장면 표교리 341-1번지,17384,031-638-5102,자동차충전,37.25516514,127.3994563,,,,,,
경기 이천시,장호원LPG충전소,경기도 이천시 장호원읍 경충대로 113,경기도 이천시 장호원읍 장호원리 327-13번지,17421,031-642-4982,자동차충전,37.12362648,127.6152515,,,,,,
경기 파주시,(주)경기에너지,경기도 파주시 시청로 302,경기도 파주시 야동동 94-18번지,10850,031-949-8989,자동차+13kg용기,37.76935886,126.7660226,,,,,,
경기 파주시,(주)교하충전소,경기도 파주시 천정구로 82,경기도 파주시 당하동 338번지,10866,031-957-1177,자동차+13kg용기,37.74285202,126.7517904,,,,,,
경기 파주시,(주)청담산업 문발충전소,경기도 파주시 파주로 65,경기도 파주시 문발동 233-2번지 문발충전소,10880,031-949-9615,자동차충전,37.72500379,126.6966629,,,,,,
경기 파주시,56LPG충전소,경기도 파주시 파주로 723-21,경기도 파주시 교하동 70-8번지,10868,031-923-4700,자동차충전,37.74570924,126.7632484,,,,,,
경기 파주시,㈜서울에너지 파동충전소,경기도 파주시 통일로 647,경기도 파주시 아동동 114-1번지 파동충전소,10944,031-943-1447,자동차충전,37.76770088,126.7926186,,,,,,
경기 파주시,금촌IC LPG충전소,경기도 파주시 파주로 727,경기도 파주시 교하동 70-14번지,10868,031-948-7790,자동차충전,37.74564395,126.7643387,,,,,,
경기 파주시,금촌엘피지(주),경기도 파주시 아리랑로 54,경기도 파주시 금촌동 466-114번지,10912,031-948-3450,자동차충전,37.76493061,126.7655669,,,,,,
경기 파주시,대일충전소,경기도 파주시 새꽃로 312,경기도 파주시 아동동 146-8번지,10944,031-948-4114,자동차충전,37.76944682,126.7862095,,,,,,
경기 파주시,명품주유소(충전소),경기도 파주시 적성면 청송로 978,경기도 파주시 적성면 마지리 115번지 명품충전소,10803,031-958-1131,자동차충전,37.95129131,126.9151094,,,,,,
경기 파주시,미래로충전소,경기도 파주시 미래로 292,경기도 파주시 동패동 20-1번지,10904,031-945-5199,자동차충전,37.70434124,126.7464942,,,,,,
경기 파주시,신성가스공업(주),경기도 파주시 문산읍 통일로 1708,경기도 파주시 문산읍 선유리 966-29번지,10813,031-952-2650,용기+자동차+탱크+13kg용기,37.86005824,126.7897928,,,,,,
경기 파주시,신성석유(주)금촌충전소,경기도 파주시 통일로 598,경기도 파주시 아동동 91-7번지 신성석유(주)금촌충전소,10944,031-941-5252,자동차충전,37.76345303,126.7951794,,,,,,
경기 파주시,케이와이에너지(주)아동충전소,경기도 파주시 새꽃로 279,경기도 파주시 아동동 322-19번지,10944,031-945-0501,자동차충전,37.76870368,126.782572,,,,,,
경기 파주시,태광에너지,경기도 파주시 파주읍 통일로 1120,경기도 파주시 파주읍 봉암리 988-2번지,10839,031-9529-830/,자동차충전,37.8086371,126.7939436,,,,,,
경기 파주시,흥안LPG충전소,경기도 파주시 법원읍 화합로 212,경기도 파주시 법원읍 법원리 402-34번지,10826,031-959-3400,자동차충전,37.84563163,126.890042,,,,,,
경기 평택시,(주)광진 청북가스충전소,경기도 평택시 청북읍 서해로 1578,경기도 평택시 청북읍 후사리 265-39번지,17799,031-681-0089,자동차충전,37.03195049,126.9387178,,,,,,
경기 평택시,(주)대호페트로 갤러리충전소 평택점,경기도 평택시 진위면 남부대로 597,경기도 평택시 진위면 동천리 600-1번지,17711,031-611-1423,자동차충전,37.12654821,127.096729,,,,,,
경기 평택시,(주)동신에너지 안중충전소,경기도 평택시 안중읍 안현로 544,경기도 평택시 안중읍 안중리 195-8번지,17934,031-682-6823,자동차+13kg용기,36.99613212,126.937745,,,,,,
경기 평택시,(주)복연(청룡지점),경기도 평택시 남북대로 910,경기도 평택시 청룡동 40-1번지,17875,031-691-7150,자동차충전,37.03128741,127.1304915,,,,,,
경기 평택시,(주)엘충전소,경기도 평택시 현덕면 서해로 470-6,경기도 평택시 현덕면 기산리 140-108번지,17971,031-682-3773,자동차+탱크,36.94296411,126.9150686,,,,,,
경기 평택시,(주)정원가스,경기도 평택시 평택로 290,경기도 평택시 세교동 441-8번지,17825,031-652-3200,자동차충전,37.00911878,127.0733523,,,,,,
경기 평택시,(주)평송,경기도 평택시 진위면 경기대로 1915,경기도 평택시 진위면 야막리 691-2번지,17705,031-664-8688,자동차충전,37.11524328,127.0633252,,,,,,
경기 평택시,(주)현곡,경기도 평택시 청북읍 청원로 27,경기도 평택시 청북읍 현곡리 287번지,17811,031-683-3223,자동차충전,37.04073083,126.9369103,,,,,,
경기 평택시,금성엘피지충전소,경기도 평택시 현덕면 서해로 300,경기도 평택시 현덕면 권관리 181-7번지,17972,031-686-5148,자동차충전,36.92754122,126.9152201,,,,,,
경기 평택시,기산충전소,경기도 평택시 현덕면 서해로 471,경기도 평택시 현덕면 기산리 140-98번지,17947,031-686-5590,자동차충전,36.94275252,126.9142055,,,,,,
경기 평택시,도원엘피지충전소,경기도 평택시 청원로 1630,경기도 평택시 도일동 992번지,17725,031-611-9071,자동차충전,37.04409384,127.1017312,,,,,,
경기 평택시,동아에너지,경기도 평택시 남북대로 545,경기도 평택시 칠괴동 614번지,17748,031-6647-743,자동차충전,37.02362517,127.091956,,,,,,
경기 평택시,라인45충전소,경기도 평택시 팽성읍 팽성로 226,경기도 평택시 팽성읍 남산리 218-8번지,17996,031-656-3543,자동차충전,36.95456259,127.0606836,,,,,,
경기 평택시,만호엘피지충전소,경기도 평택시 포승읍 서동대로 775,경기도 평택시 포승읍 만호리 400-9번지,17962,031-683-7053,자동차충전,36.95954993,126.8557334,,,,,,
경기 평택시,블루에너지,경기도 평택시 청원로 1409,경기도 평택시 장안동 241-1번지,17738,031-611-5104,자동차충전,37.05259015,127.0796209,,,,,,
경기 평택시,에스케이가스(주),경기도 평택시 포승읍 남양만로 138,경기도 평택시 포승읍 원정리 1346번지 외 7필지,17949,031-680-2963,탱크로리,37.0073229,126.8042851,,,,,,
경기 평택시,에스케이서평택LPG충전소,경기도 평택시 오성면 서동대로 1988,경기도 평택시 오성면 죽리 155-3번지,17926,031-683-9999,자동차충전,37.00516773,126.9637768,,,,,,
경기 평택시,에스케이송탄충전소,경기도 평택시 탄현로 400,경기도 평택시 독곡동 392-4번지,17755,031-663-3151,자동차충전,37.08669416,127.0605748,,,,,,
경기 평택시,에스케이에너지,경기도 평택시 경기대로 1038,경기도 평택시 장당동 67-1번지,17743,031-662-5858,자동차충전,37.04168027,127.0663782,,,,,,
경기 평택시,에스케이평택충전소,경기도 평택시 청북읍 고렴길 161-95,경기도 평택시 청북읍 고렴리 926-1번지,17794,031-683-1171,용기+자동차+13kg용기,37.06317772,126.9315477,,,,,,
경기 평택시,원에너지(주)중도가스(주),경기도 평택시 진위면 남부대로 607,경기도 평택시 진위면 동천리 606-3번지,17711,031-663-8066,자동차+탱크,37.12520956,127.098042,,,,,,
경기 평택시,은실충전소,경기도 평택시 은실고가길 5,경기도 평택시 신대동 75-1번지,17823,031-618-3738,자동차충전,37.00344328,127.0595146,,,,,,
경기 평택시,조이에너지(주) 오성엘피지충전소,경기도 평택시 오성면 오성서로 5,경기도 평택시 오성면 죽리 156-13번지,17926,031-682-8673,자동차충전,37.00579918,126.9658742,,,,,,
경기 평택시,지산엘피지충전소,경기도 평택시 지산로 229,경기도 평택시 지산동 448-5번지,17721,031-611-9015,자동차충전,37.07865047,127.0796458,,,,,,
경기 평택시,칠원동충전소,경기도 평택시 남북대로 660,경기도 평택시 칠원동 440-1번지,17845,031-658-0660,자동차충전,37.02228923,127.1047343,,,,,,
경기 평택시,평택엘피지충전소,경기도 평택시 서동대로 3616,경기도 평택시 합정동 83-1번지,17878,031-658-7764,자동차충전,36.98529041,127.1117577,,,,,,
경기 평택시,평택항이엔에스,경기도 평택시 포승읍 포승향남로 228,경기도 평택시 포승읍 도곡리 148-4번지,17951,031-686-5158,자동차충전,36.99156004,126.8574525,,,,,,
경기 평택시,한국석유공사,경기도 평택시 포승읍 남양만로 175-108,경기도 평택시 포승읍 원정리 1-37번지,17949,031-6801-473,탱크로리,36.9977093,126.789178,,,,,,
경기 평택시,한이에너지,경기도 평택시 오성면 서동대로 2043,경기도 평택시 오성면 죽리 1-2번지,17819,031-683-9888,자동차충전,37.00783566,126.9697265,,,,,,
경기 평택시,한일크린에너지(주),경기도 평택시 청북읍 서해로 1576-2,경기도 평택시 청북읍 후사리 265-43번지,17799,031-683-8989,탱크로리,37.03151963,126.9391033,,,,,,
경기 포천시,(주)삼호에너지 서파충전소,경기도 포천시 내촌면 금강로 3138,경기도 포천시 내촌면 신팔리 91-7번지,11188,031-532-5155,자동차충전,37.84039689,127.2740357,,,,,,
경기 포천시,(주)오름씨앤엔 내촌충전소,경기도 포천시 내촌면 금강로 2427,경기도 포천시 내촌면 내리 275-20번지,11189,031-531-6036,자동차충전,37.79352622,127.2301433,,,,,,
경기 포천시,가산충전소,경기도 포천시 가산면 포천로 895,경기도 포천시 가산면 감암리 178-4번지,11164,031-541-3344,자동차충전,37.84949224,127.1946233,,,,,,
경기 포천시,광릉LPG충전소,경기도 포천시 내촌면 금강로 2113,경기도 포천시 내촌면 음현리 598-21번지 (외),11192,031-534-7220,자동차충전,37.76800961,127.2261485,,,,,,
경기 포천시,광일에너지,경기도 포천시 호국로 1397,경기도 포천시 어룡동 389-2번지,11150,031-535-0920,자동차충전,37.883368,127.1895026,,,,,,
경기 포천시,대성산업(주)북부충전소,경기도 포천시 영중면 호국로 2583,경기도 포천시 영중면 금주리 870-6번지,11131,031-533-5903,용기+자동차+탱크+13kg용기+부탄,37.97464741,127.2481544,,,,,,
경기 포천시,대안가스,경기도 포천시 영북면 문암길 3,경기도 포천시 영북면 문암리 243-9번지,11107,031-536-9895,자동차충전,38.07849302,127.274639,,,,,,
경기 포천시,부흥충전소,경기도 포천시 가산면 부흥로 656,경기도 포천시 가산면 정교리 12-8번지,11167,031-538-2587,자동차충전,37.80849041,127.1839544,,,,,,
경기 포천시,설문제2충전소,경기도 포천시 소흘읍 호국로 261,경기도 포천시 소흘읍 이동교리 379번지,11184,031-542-2877,자동차충전,37.79776072,127.1270931,,,,,,
경기 포천시,송우리LPG충전소,경기도 포천시 소흘읍 호국로 636,경기도 포천시 소흘읍 송우리 460-2번지,11169,031-544-5551,자동차충전,37.82536717,127.1473166,,,,,,
경기 포천시,신북엘피지충전소,경기도 포천시 신북면 호국로 2223,경기도 포천시 신북면 기지리 68-5번지,11139,031-533-2198,자동차충전,37.94638967,127.2348548,,,,,,
경기 포천시,에스케이포천충전소,경기도 포천시 내촌면 금강로 2199-14,경기도 포천시 내촌면 음현리 640번지,11192,031-531-1871,용기+탱크+13kg용기,37.77409409,127.2263872,,,,,,
경기 포천시,일동충전소,경기도 포천시 일동면 화동로 871,경기도 포천시 일동면 기산리 649-9번지,11119,031-535-2544,자동차+13kg용기,37.94247009,127.3099605,,,,,,
경기 포천시,축석충전소,경기도 포천시 소흘읍 호국로 68,경기도 포천시 소흘읍 이동교리 562-1번지,11184,031-543-8877,자동차충전,37.78177545,127.1199168,,,,,,
경기 포천시,포천엘피지충전소,경기도 포천시 영북면 호국로 3603,경기도 포천시 영북면 야미리 254-1번지,11109,031-536-7471,자동차충전,38.05823429,127.2710079,,,,,,
경기 포천시,포천충전소,경기도 포천시 신북면 중앙로 284,경기도 포천시 신북면 가채리 153-2번지,11140,031-533-6331,자동차+13kg용기,37.90951837,127.2121899,,,,,,
경기 포천시,하늘땅충전소,경기도 포천시 내촌면 금강로 2971,경기도 포천시 내촌면 소학리 1-3번지,11188,031-532-0888,자동차충전,37.82866151,127.2646852,,,,,,
경기 하남시,(주)브룩사이드(LPG충전소),경기도 하남시 하남대로 267,경기도 하남시 상산곡동 70-1번지,13027,031-794-4824,자동차충전,37.49942175,127.2316012,,,,,,
경기 하남시,(주)삼표에너지 삼표충전소,경기도 하남시 서하남로 16,경기도 하남시 감북동 446-1번지,12992,031-471-1151,자동차충전,37.51644763,127.1457768,,,,,,
경기 하남시,SK하남충전소,경기도 하남시 창우로 130,경기도 하남시 창우동 522번지 SK하남충전소,13023,031-7952-373,용기+자동차+탱크+13kg용기,37.53775132,127.2292679,,,,,,
경기 하남시,광동충전소,경기도 하남시 아리수로 530,경기도 하남시 망월동 575-1번지,12913,031-792-9088,자동차충전,37.56648756,127.1859988,,,,,,
경기 하남시,만남의광장충전소,경기도 하남시 중부고속도로 117-2,경기도 하남시 천현동 383-4번지,13018,031-793-5800,자동차충전,37.53103225,127.2086706,,,,,,
경기 하남시,위례LPG충전소,경기도 하남시 서하남로 242,경기도 하남시 광암동 223-2번지,12989,031-488-5152,자동차충전,37.51617737,127.1707522,,,,,,
경기 화성시,(주)삼진에너지남양충전소,경기도 화성시 남양읍 화성로 1412,경기도 화성시 남양읍 북양리 202-5번지,18255,031-355-4071,자동차충전,37.22125831,126.8363251,,,,,,
경기 화성시,(주)아이태크,경기도 화성시 양감면 은행나무로 442,경기도 화성시 양감면 대양리 1108-6번지,18631,031-352-6699,자동차충전,37.09734513,126.93989,,,,,,
경기 화성시,(주)한일에너지,경기도 화성시 비봉면 화성로 2045,경기도 화성시 비봉면 구포리 37-1번지,18291,031-355-0675,자동차충전,37.24686589,126.8897712,,,,,,
경기 화성시,KH에너지(주)직영덕우충전소,경기도 화성시 팔탄면 포승향남로 2294,경기도 화성시 팔탄면 덕우리 46-8번지,18577,031-366-5133,자동차충전,37.13112566,126.8556214,,,,,,
경기 화성시,기아자동차(주),경기도 화성시 우정읍 기아자동차로 95,경기도 화성시 우정읍 매향리 966번지,18571,031-359-5075,자동차사,37.03926947,126.7889762,,,,,,
경기 화성시,기아자동차(주),경기도 화성시 우정읍 기아자동차로 95,경기도 화성시 우정읍 매향리 966번지,18571,031-359-5075,자동차사,37.03926947,126.7889762,,,,,,
경기 화성시,뉴시티충전소,경기도 화성시 남양읍 화성로 1286,경기도 화성시 남양읍 송림리 220-7번지 뉴시티충전소,18258,031-357-0405,자동차충전,37.21759781,126.8234293,,,,,,
경기 화성시,뉴타운충전소,경기도 화성시 비봉면 화성로 1589,경기도 화성시 비봉면 양노리 637-7번지,18285,031-355-2045,자동차충전,37.22503606,126.8544288,,,,,,
경기 화성시,뉴타운충전소,경기도 화성시 경기동로 228,경기도 화성시 장지동 194-11번지,18509,031-375-5149,자동차충전,37.15854833,127.0966942,,,,,,
경기 화성시,다원에프엔씨(조암충전소),경기도 화성시 우정읍 호곡길 84,"경기도 화성시 우정읍 호곡리 89-1번지 (호곡리81-1, 81-2)",18558,031-351-6123,용기+자동차+탱크+13kg용기,37.1200717,126.7859249,,,,,,
경기 화성시,대경석유(주) 송산마도IC주유소충전소,경기도 화성시 송산면 화성로 618,경기도 화성시 송산면 삼존리 773-1번지,18549,031-366-7131,자동차충전,37.21128065,126.7574886,,,,,,
경기 화성시,대보유통(주) 화성(목포)엘피지충전소,경기도 화성시 팔탄면 서해안고속도로 301-1,경기도 화성시 팔탄면 덕천리 산102-1번지,18577,031-353-8015,자동차충전,37.14212391,126.8794777,,,,,,
경기 화성시,대보유통(주)화성(상)엘피지충전소,경기도 화성시 팔탄면 서해안고속도로 302-1,경기도 화성시 팔탄면 덕천리 산101-2번지,18531,031-353-8148,자동차충전,37.144629,126.8810449,,,,,,
경기 화성시,로랜드엔코어충전소,경기도 화성시 봉담읍 삼천병마로 1129-4,경기도 화성시 봉담읍 상리 464-6번지,18295,031-227-1480,자동차충전,37.20800955,126.9434119,,,,,,
경기 화성시,발안엘피지충전소,경기도 화성시 향남읍 서해로 806,경기도 화성시 향남읍 발안리 27-31번지 화성발안가스충전소,18595,031-354-9581,자동차충전,37.13367451,126.8963107,,,,,,
경기 화성시,병점대교충전소,경기도 화성시 효행로 869-6,경기도 화성시 진안동 832-39번지,18367,031-223-4249,자동차충전,37.20691728,127.0236811,,,,,,
경기 화성시,비봉서일가스충전소,경기도 화성시 비봉면 서해로 1902,경기도 화성시 비봉면 양노리 41-3번지,18293,031-3571-616,자동차충전,37.22811394,126.8787963,,,,,,
경기 화성시,삼화충전소,경기도 화성시 비봉면 비봉로 487,경기도 화성시 비봉면 삼화리 4-1번지,18283,031-357-9557,자동차충전,37.25879726,126.8502388,,,,,,
경기 화성시,송산(시흥방향)충전소,경기도 화성시 송산면 평택시흥고속도로 25,경기도 화성시 송산면 고정리 349-26번지,18248,031-357-8192,자동차충전,37.23803429,126.7561214,,,,,,
경기 화성시,송산(평택방향)충전소,경기도 화성시 송산면 평택시흥고속도로 25,경기도 화성시 송산면 고정리 349-26번지,18248,031-357-8194,자동차충전,37.23803429,126.7561214,,,,,,
경기 화성시,신도시충전소,경기도 화성시 경기동로 541,경기도 화성시 장지동 861-9번지,18510,031-8007-6688,자동차충전,37.1493341,127.1292761,,,,,,
경기 화성시,씨에스석유산업(주) 야목역충전소,경기도 화성시 매송면 매송로 279,경기도 화성시 매송면 야목리 801번지,18286,031-296-9606,자동차충전,37.26016893,126.8859988,,,,,,
경기 화성시,제이에이치충전소,경기도 화성시 팔탄면 서해로 962,경기도 화성시 팔탄면 지월리 550-16번지,18530,031-352-5149,자동차충전,37.14741894,126.8923841,,,,,,
경기 화성시,조일엘피지충전소,경기도 화성시 우정읍 기아자동차로 649-17,경기도 화성시 우정읍 화산리 24-4번지 (조일엘피지충전소),18569,031-351-2024,자동차충전,37.06813839,126.8066712,,,,,,
경기 화성시,청우충전소,경기도 화성시 팔탄면 서해로 1409-9,경기도 화성시 팔탄면 창곡리 437-4번지,18524,031-353-5169,자동차충전,37.18648226,126.8812556,,,,,,
경기 화성시,캐피탈충전소,경기도 화성시 향남읍 발안로 448,경기도 화성시 향남읍 동오리 229-1번지,18624,031-366-5139,자동차충전,37.13069145,126.9560249,,,,,,
경기 화성시,코끼리충전소,경기도 화성시 마도면 화성로 907,경기도 화성시 마도면 두곡리 487-7번지,18540,031-355-1589,자동차충전,37.20344283,126.7875405,,,,,,
경기 화성시,풍천가스충전소,경기도 화성시 비봉면 비봉로 366,경기도 화성시 비봉면 삼화리 773-1번지 풍천가스충전소,18283,031-355-9669,자동차충전,37.24802639,126.8487302,,,,,,
경기 화성시,해뜨는충전소,경기도 화성시 봉담읍 삼천병마로 1124,경기도 화성시 봉담읍 상리 465-5번지,18295,031-298-2407,자동차충전,37.20777991,126.9444166,,,,,,
경기 화성시,현대자동차(주)남양연구소,경기도 화성시 남양읍 현대연구소로 150,경기도 화성시 남양읍 장덕리 772-1번지 연구개발본부 연구개발시설관리팀,18280,031-368-6106,자동차충전,37.15940064,126.8135082,,,,,,
경기 화성시,현대자동차(주)남양연구소,경기도 화성시 남양읍 현대연구소로 150,경기도 화성시 남양읍 장덕리 772-1번지 연구개발본부 연구개발시설관리팀,18280,031-368-6106,자동차충전,37.15940064,126.8135082,,,,,,
경기 화성시,현대자동차(주)남양연구소,경기도 화성시 남양읍 현대연구소로 150,경기도 화성시 남양읍 장덕리 772-1번지 연구개발본부 연구개발시설관리팀,18280,031-368-6106,자동차충전,37.15940064,126.8135082,,,,,,
경기 화성시,화성엘피지충전소,경기도 화성시 팔탄면 구장길 106,경기도 화성시 팔탄면 구장리 103번지,18527,031-354-6610,용기+자동차+탱크+13kg용기,37.16774232,126.897031,,,,,,
경기 화성시,화성융릉LPG충전소,경기도 화성시 효행로 446,경기도 화성시 안녕동 188-510번지,18324,031-221-5414,자동차충전,37.2106096,126.9841226,,,,,,
경기 화성시,화성충전소,경기도 화성시 우정읍 포승향남로 1552,경기도 화성시 우정읍 한각리 228-1번지,18563,031-351-9000,자동차충전,37.08490548,126.8006678,,,,,,
경기 화성시,화성향남엘피지충전소,경기도 화성시 향남읍 향남로 272,경기도 화성시 향남읍 방축리 460번지,18607,031-354-2186,자동차충전,37.11939144,126.9188132,,,,,,
